{"cameraMode":{"drawMode":0,"name":"Shaded","section":"Shading Mode"},"sceneLighting":false,"audioPlay":false,"sceneViewState":{"m_AlwaysRefresh":false,"showFog":true,"showSkybox":false,"showFlares":true,"showImageEffects":true,"showParticleSystems":true,"showVisualEffectGraphs":true,"m_FxEnabled":true},"in2DMode":false,"pivot":{"x":0.1599999964237213,"y":0.699999988079071,"z":0.20999999344348908},"rotation":{"x":-0.490033358335495,"y":0.1713733822107315,"z":0.09925569593906403,"w":0.8490731120109558},"size":0.00020918771042488515,"orthographic":true}