{"cameraMode":{"drawMode":0,"name":"Shaded","section":"Shading Mode"},"sceneLighting":false,"audioPlay":false,"sceneViewState":{"m_AlwaysRefresh":false,"showFog":true,"showSkybox":false,"showFlares":true,"showImageEffects":true,"showParticleSystems":true,"showVisualEffectGraphs":true,"m_FxEnabled":true},"in2DMode":false,"pivot":{"x":0.07049781084060669,"y":0.19398334622383119,"z":0.1540507674217224},"rotation":{"x":-0.06730424612760544,"y":-0.5061737895011902,"z":0.03988379240036011,"w":-0.8589321374893189},"size":1.5603865385055543,"orthographic":true}