{"cameraMode":{"drawMode":0,"name":"Shaded","section":"Shading Mode"},"sceneLighting":false,"audioPlay":false,"sceneViewState":{"m_AlwaysRefresh":false,"showFog":true,"showSkybox":false,"showFlares":true,"showImageEffects":true,"showParticleSystems":true,"showVisualEffectGraphs":true,"m_FxEnabled":true},"in2DMode":false,"pivot":{"x":0.1599999964237213,"y":0.699999988079071,"z":0.20999999344348908},"rotation":{"x":-0.08158118277788162,"y":-0.3520711362361908,"z":0.030794790014624597,"w":-0.9319117665290833},"size":0.00006660589133389294,"orthographic":false}