{"cameraMode":{"drawMode":0,"name":"Shaded","section":"Shading Mode"},"sceneLighting":true,"audioPlay":false,"sceneViewState":{"m_AlwaysRefresh":false,"showFog":true,"showSkybox":true,"showFlares":true,"showImageEffects":true,"showParticleSystems":true,"showVisualEffectGraphs":true,"m_FxEnabled":true},"in2DMode":false,"pivot":{"x":79.34188842773438,"y":20.627506256103517,"z":2000.287841796875},"rotation":{"x":0.18403123319149018,"y":0.5585825443267822,"z":-0.12875309586524964,"w":0.7986388206481934},"size":10.486387252807618,"orthographic":true}