{"cameraMode":{"drawMode":0,"name":"Shaded","section":"Shading Mode"},"sceneLighting":false,"audioPlay":false,"sceneViewState":{"m_AlwaysRefresh":false,"showFog":true,"showSkybox":false,"showFlares":true,"showImageEffects":true,"showParticleSystems":true,"showVisualEffectGraphs":true,"m_FxEnabled":true},"in2DMode":false,"pivot":{"x":0.11500000953674317,"y":0.9193066358566284,"z":-0.9894567728042603},"rotation":{"x":0.05949138477444649,"y":0.600558876991272,"z":-0.039538975805044177,"w":0.7958362698554993},"size":1.575284719467163,"orthographic":true}