{"cameraMode":{"drawMode":0,"name":"Shaded","section":"Shading Mode"},"sceneLighting":false,"audioPlay":false,"sceneViewState":{"m_AlwaysRefresh":false,"showFog":true,"showSkybox":false,"showFlares":true,"showImageEffects":true,"showParticleSystems":true,"showVisualEffectGraphs":true,"m_FxEnabled":true},"in2DMode":false,"pivot":{"x":-3.0642642974853517,"y":-4.321626663208008,"z":6.766090393066406},"rotation":{"x":-0.24528394639492036,"y":0.007252628915011883,"z":-0.0017808547709137202,"w":-0.9694591760635376},"size":5.970583438873291,"orthographic":false}