{"cameraMode":{"drawMode":0,"name":"Shaded","section":"Shading Mode"},"sceneLighting":true,"audioPlay":false,"sceneViewState":{"m_AlwaysRefresh":false,"showFog":true,"showSkybox":false,"showFlares":true,"showImageEffects":true,"showParticleSystems":true,"showVisualEffectGraphs":true,"m_FxEnabled":true},"in2DMode":false,"pivot":{"x":3.3722410202026369,"y":0.15587855875492097,"z":0.5107641816139221},"rotation":{"x":0.09337281435728073,"y":0.2915598750114441,"z":-0.02860616147518158,"w":0.9515824317932129},"size":4.055375576019287,"orthographic":false}