{"cameraMode":{"drawMode":0,"name":"Shaded","section":"Shading Mode"},"sceneLighting":false,"audioPlay":false,"sceneViewState":{"m_AlwaysRefresh":false,"showFog":true,"showSkybox":false,"showFlares":true,"showImageEffects":true,"showParticleSystems":true,"showVisualEffectGraphs":true,"m_FxEnabled":true},"in2DMode":false,"pivot":{"x":6.636000156402588,"y":0.20300006866455079,"z":0.5090000033378601},"rotation":{"x":0.029220834374427797,"y":0.6918549537658691,"z":-0.022817213088274003,"w":0.720891535282135},"size":1.4070802927017213,"orthographic":true}